{"loss": [1.0425045490264893, 0.2704501450061798, 0.16496554017066956, 0.12157967686653137, 0.09821562469005585, 0.08140663802623749, 0.07009488344192505, 0.06049710139632225, 0.05311296507716179, 0.04725705832242966, 0.041618332266807556, 0.03673334792256355, 0.03275066986680031, 0.029842594638466835, 0.026047121733427048, 0.02259221114218235, 0.0204220712184906, 0.018279150128364563, 0.016491899266839027, 0.014611938036978245, 0.012870166450738907, 0.011506511829793453, 0.010348830372095108, 0.008979585953056812, 0.007867817766964436], "accuracy": [0.686033308506012, 0.9202166795730591, 0.9504666924476624, 0.9635833501815796, 0.970633327960968, 0.9761666655540466, 0.9798166751861572, 0.982366681098938, 0.9847833514213562, 0.9864166378974915, 0.9885166883468628, 0.9897333383560181, 0.9911666512489319, 0.9921333193778992, 0.9935833215713501, 0.9944666624069214, 0.9951000213623047, 0.9957833290100098, 0.9962666630744934, 0.9972333312034607, 0.9976500272750854, 0.9978833198547363, 0.9983333349227905, 0.9988999962806702, 0.9990500211715698], "val_loss": [1.953860878944397, 2.1272952556610107, 2.6158416271209717, 3.1283206939697266, 3.567021131515503, 3.939357042312622, 4.236684322357178, 4.489390850067139, 4.745167255401611, 4.912414073944092, 4.949520111083984, 5.170712471008301, 5.222259521484375, 5.252276420593262, 5.23162317276001, 5.215732574462891, 5.1062798500061035, 5.046237468719482, 4.853337287902832, 4.6221232414245605, 4.120565414428711, 3.8303773403167725, 3.2281479835510254, 2.5719335079193115, 2.084766387939453], "val_accuracy": [0.7742999792098999, 0.11349999904632568, 0.11349999904632568, 0.11349999904632568, 0.11349999904632568, 0.11349999904632568, 0.11349999904632568, 0.11349999904632568, 0.11349999904632568, 0.11349999904632568, 0.11349999904632568, 0.11349999904632568, 0.11349999904632568, 0.11349999904632568, 0.11349999904632568, 0.11349999904632568, 0.11349999904632568, 0.11349999904632568, 0.11349999904632568, 0.1136000007390976, 0.1177000030875206, 0.12759999930858612, 0.16979999840259552, 0.25679999589920044, 0.3465999960899353]}